date,open,high,low,close,volume,symbol
,meta,meta,meta,meta,meta,
2023-08-14,300.9800109863281,306.2099914550781,298.25,306.19000244140625,15641900,META
2023-08-15,306.1400146484375,307.2300109863281,300.0299987792969,301.95001220703125,11623600,META
2023-08-16,300.20001220703125,301.0799865722656,294.2799987792969,294.2900085449219,18547700,META
2023-08-17,293.04998779296875,296.04998779296875,284.95001220703125,285.0899963378906,23950100,META
2023-08-18,279.0299987792969,285.69000244140625,274.3800048828125,283.25,35347900,META
2023-08-21,283.45001220703125,290.5,281.8500061035156,289.8999938964844,20181500,META
2023-08-22,292.54998779296875,292.8999938964844,286.75,287.6000061035156,12980200,META
2023-08-23,288.5,297.3999938964844,287.6700134277344,294.239990234375,18287000,META
2023-08-24,298.5,299.4599914550781,286.6400146484375,286.75,18360900,META
2023-08-25,286.1300048828125,288.3900146484375,276.0299987792969,285.5,23701400,META
2023-08-28,288.0,291.45001220703125,285.79998779296875,290.260009765625,14239300,META
2023-08-29,288.5799865722656,299.1499938964844,288.17999267578125,297.989990234375,20844500,META
2023-08-30,297.1700134277344,298.2900085449219,293.42999267578125,295.1000061035156,17717000,META
2023-08-31,295.79998779296875,301.1000061035156,295.6600036621094,295.8900146484375,17229900,META
2023-09-01,299.3699951171875,301.739990234375,294.4700012207031,296.3800048828125,12842300,META
2023-09-05,297.0199890136719,301.3900146484375,295.510009765625,300.1499938964844,14956000,META
2023-09-06,301.7099914550781,303.29998779296875,295.6600036621094,299.1700134277344,15418100,META
2023-09-07,298.0,307.04998779296875,292.2200012207031,298.6700134277344,33748700,META
2023-09-08,299.2200012207031,305.25,296.7799987792969,297.8900146484375,17548000,META
2023-09-11,301.4100036621094,309.0400085449219,301.2799987792969,307.55999755859375,19489300,META
2023-09-12,306.3299865722656,308.6600036621094,300.2300109863281,301.6600036621094,13480400,META
2023-09-13,302.3599853515625,307.17999267578125,301.32000732421875,305.05999755859375,13210900,META
2023-09-14,306.739990234375,312.8699951171875,305.0299987792969,311.7200012207031,19343100,META
2023-09-15,311.6099853515625,312.0,298.75,300.30999755859375,28131100,META
2023-09-18,298.19000244140625,303.6000061035156,297.79998779296875,302.54998779296875,14234200,META
2023-09-19,302.4800109863281,306.1700134277344,299.80999755859375,305.07000732421875,15924400,META
2023-09-20,305.04998779296875,308.05999755859375,299.42999267578125,299.6700134277344,19379500,META
2023-09-21,295.70001220703125,300.260009765625,293.2699890136719,295.7300109863281,21319600,META
2023-09-22,299.29998779296875,305.3800048828125,298.2699890136719,299.0799865722656,25369600,META
2023-09-25,295.6400146484375,300.95001220703125,293.70001220703125,300.8299865722656,18987000,META
2023-09-26,297.6600036621094,300.29998779296875,296.010009765625,298.9599914550781,19417200,META
2023-09-27,300.45001220703125,301.29998779296875,286.7900085449219,297.739990234375,36429800,META
2023-09-28,298.94000244140625,306.3299865722656,296.70001220703125,303.9599914550781,22167100,META
2023-09-29,307.3800048828125,310.6400146484375,299.3599853515625,300.2099914550781,25373700,META
2023-10-02,302.739990234375,307.17999267578125,301.6300048828125,306.82000732421875,16265600,META
2023-10-03,304.260009765625,306.7699890136719,299.6400146484375,300.94000244140625,17362300,META
2023-10-04,298.7300109863281,306.8999938964844,298.5,305.5799865722656,16880500,META
2023-10-05,304.6300048828125,306.2099914550781,299.5,304.7900085449219,19130000,META
2023-10-06,301.44000244140625,316.30999755859375,300.9100036621094,315.42999267578125,21803900,META
2023-10-09,312.5,320.3299865722656,311.82000732421875,318.3599853515625,22503700,META
2023-10-10,319.1199951171875,324.6600036621094,318.1600036621094,321.8399963378906,19038000,META
2023-10-11,323.010009765625,328.8399963378906,322.95001220703125,327.82000732421875,22036300,META
2023-10-12,328.0,330.5400085449219,322.69000244140625,324.1600036621094,20530500,META
2023-10-13,323.5299987792969,325.04998779296875,312.3699951171875,314.69000244140625,21341000,META
2023-10-16,318.6400146484375,321.82000732421875,315.5199890136719,321.1499938964844,16536100,META
2023-10-17,318.17999267578125,324.3999938964844,317.29998779296875,324.0,16387800,META
2023-10-18,321.3900146484375,325.94000244140625,315.55999755859375,316.9700012207031,16851000,META
2023-10-19,319.8800048828125,321.8900146484375,311.75,312.80999755859375,18709200,META
2023-10-20,314.1400146484375,315.29998779296875,306.4700012207031,308.6499938964844,22312300,META
2023-10-23,309.5,317.3599853515625,307.260009765625,314.010009765625,17796800,META
2023-10-24,316.7799987792969,318.3500061035156,310.6300048828125,312.54998779296875,19525500,META
2023-10-25,310.0,310.8800048828125,298.8399963378906,299.5299987792969,42192500,META
2023-10-26,295.0,295.0,279.3999938964844,288.3500061035156,66684100,META
2023-10-27,294.4800109863281,299.30999755859375,292.9700012207031,296.7300109863281,29596300,META
2023-10-30,299.0899963378906,309.3999938964844,299.04998779296875,302.6600036621094,28435100,META
2023-10-31,303.30999755859375,303.67999267578125,296.8599853515625,301.2699890136719,19434200,META
2023-11-01,301.8500061035156,312.739990234375,301.8500061035156,311.8500061035156,20434600,META
2023-11-02,317.29998779296875,318.82000732421875,308.3299865722656,310.8699951171875,21631800,META
2023-11-03,312.54998779296875,315.54998779296875,311.0199890136719,314.6000061035156,16764300,META
2023-11-06,315.9800109863281,318.3299865722656,314.45001220703125,315.79998779296875,12887700,META
2023-11-07,317.05999755859375,321.0,315.1199951171875,318.82000732421875,14055600,META
2023-11-08,318.1400146484375,321.3299865722656,314.8800048828125,319.7799987792969,13609700,META
2023-11-09,319.4200134277344,324.17999267578125,318.79998779296875,320.54998779296875,16103100,META
2023-11-10,319.94000244140625,329.1000061035156,319.4599914550781,328.7699890136719,19096200,META
2023-11-13,326.20001220703125,332.3299865722656,325.70001220703125,329.19000244140625,16908900,META
2023-11-14,334.5400085449219,338.1000061035156,333.3299865722656,336.30999755859375,17179400,META
2023-11-15,337.92999267578125,338.3999938964844,330.0199890136719,332.7099914550781,14531200,META
2023-11-16,329.3699951171875,334.5799865722656,326.3800048828125,334.19000244140625,18932600,META
2023-11-17,330.260009765625,335.5,329.3500061035156,335.0400085449219,14494400,META
2023-11-20,334.8900146484375,341.8699951171875,334.19000244140625,339.9700012207031,16960500,META
2023-11-21,338.3299865722656,339.8999938964844,335.8999938964844,336.9800109863281,12027900,META
2023-11-22,339.2099914550781,342.9200134277344,338.5799865722656,341.489990234375,10702700,META
2023-11-24,340.1300048828125,341.8599853515625,336.7699890136719,338.2300109863281,5467500,META
2023-11-27,336.17999267578125,339.8999938964844,334.20001220703125,334.70001220703125,15684500,META
2023-11-28,333.3999938964844,339.3800048828125,333.3999938964844,338.989990234375,12637200,META
2023-11-29,339.69000244140625,339.8999938964844,330.7799987792969,332.20001220703125,16024500,META
2023-11-30,331.8900146484375,333.5,322.3999938964844,327.1499938964844,23146400,META
2023-12-01,325.4800109863281,326.8599853515625,320.760009765625,324.82000732421875,15276400,META
2023-12-04,317.2900085449219,320.8599853515625,313.6600036621094,320.0199890136719,19037100,META
2023-12-05,318.9800109863281,321.8800048828125,315.3900146484375,318.2900085449219,16952100,META
2023-12-06,321.92999267578125,322.25,317.0400085449219,317.45001220703125,11294300,META
2023-12-07,317.7699890136719,328.239990234375,317.7699890136719,326.5899963378906,15905100,META
2023-12-08,323.0899963378906,333.1700134277344,323.0,332.75,14087400,META
2023-12-11,329.3999938964844,329.8900146484375,320.0,325.2799987792969,25802500,META
2023-12-12,324.6000061035156,334.4700012207031,324.55999755859375,334.2200012207031,18485500,META
2023-12-13,333.92999267578125,338.3699951171875,332.6400146484375,334.739990234375,16353300,META
2023-12-14,333.8500061035156,334.70001220703125,328.6400146484375,333.1700134277344,19607300,META
2023-12-15,331.989990234375,338.6600036621094,331.2200012207031,334.9200134277344,31776900,META
2023-12-18,337.4800109863281,347.55999755859375,337.0199890136719,344.6199951171875,18993900,META
2023-12-19,345.5799865722656,353.6000061035156,345.1199951171875,350.3599853515625,17729400,META
2023-12-20,348.6499938964844,354.9599914550781,347.7900085449219,349.2799987792969,16369900,META
2023-12-21,352.9800109863281,356.4100036621094,349.2099914550781,354.0899963378906,15289600,META
2023-12-22,355.5799865722656,357.20001220703125,351.2200012207031,353.3900146484375,11772800,META
2023-12-26,354.989990234375,356.9800109863281,353.45001220703125,354.8299865722656,9898600,META
2023-12-27,356.07000732421875,359.0,355.30999755859375,357.8299865722656,13207900,META
2023-12-28,359.70001220703125,361.8999938964844,357.80999755859375,358.32000732421875,11798800,META
2023-12-29,358.989990234375,360.0,351.82000732421875,353.9599914550781,14987100,META
2024-01-02,351.32000732421875,353.1600036621094,340.010009765625,346.2900085449219,19042200,META
2024-01-03,344.9800109863281,347.95001220703125,343.17999267578125,344.4700012207031,15451100,META
2024-01-04,344.5,348.1499938964844,343.3999938964844,347.1199951171875,12099900,META
2024-01-05,346.989990234375,353.5,346.260009765625,351.95001220703125,13920700,META
2024-01-08,354.70001220703125,358.9800109863281,352.04998779296875,358.6600036621094,13890200,META
2024-01-09,356.3999938964844,360.6400146484375,355.3599853515625,357.42999267578125,13463900,META
2024-01-10,360.1700134277344,372.94000244140625,359.0799865722656,370.4700012207031,22117200,META
2024-01-11,372.1300048828125,372.7799987792969,362.92999267578125,369.6700134277344,17205400,META
2024-01-12,370.1600036621094,377.05999755859375,369.5400085449219,374.489990234375,19310000,META
2024-01-16,373.6499938964844,375.6099853515625,367.2300109863281,367.4599914550781,15306900,META
2024-01-17,366.29998779296875,368.5400085449219,358.6099853515625,368.3699951171875,12724800,META
2024-01-18,371.489990234375,376.8500061035156,370.95001220703125,376.1300048828125,16354300,META
2024-01-19,379.0,384.3599853515625,377.9700012207031,383.45001220703125,21670800,META
2024-01-22,387.95001220703125,390.3500061035156,381.1600036621094,381.7799987792969,17680500,META
2024-01-23,384.6199951171875,388.3800048828125,382.0799865722656,385.20001220703125,15506100,META
2024-01-24,390.0,396.1499938964844,387.80999755859375,390.70001220703125,15698500,META
2024-01-25,390.1700134277344,395.489990234375,385.6600036621094,393.17999267578125,15091100,META
2024-01-26,394.3500061035156,396.7900085449219,391.5899963378906,394.1400146484375,13163700,META
2024-01-29,394.989990234375,402.92999267578125,393.1000061035156,401.0199890136719,18742400,META
2024-01-30,403.5899963378906,406.3599853515625,399.57000732421875,400.05999755859375,18614700,META
2024-01-31,389.0,398.0,387.1000061035156,390.1400146484375,20180800,META
2024-02-01,393.94000244140625,400.5,393.04998779296875,394.7799987792969,29727100,META
2024-02-02,459.6000061035156,485.9599914550781,453.010009765625,474.989990234375,84707600,META
2024-02-05,469.8800048828125,471.8999938964844,459.2200012207031,459.4100036621094,40832400,META
2024-02-06,464.0,467.1199951171875,453.0,454.7200012207031,21655200,META
2024-02-07,458.0,471.5199890136719,456.17999267578125,469.5899963378906,23066000,META
2024-02-08,468.32000732421875,470.5899963378906,465.0299987792969,470.0,18815100,META
2024-02-09,472.95001220703125,473.5899963378906,467.4700012207031,468.1099853515625,18413100,META
2024-02-12,468.19000244140625,479.1499938964844,466.5799865722656,468.8999938964844,19382000,META
2024-02-13,456.8699951171875,467.8900146484375,455.0899963378906,460.1199951171875,20916600,META
2024-02-14,467.92999267578125,474.1099853515625,466.0899963378906,473.2799987792969,16858400,META
2024-02-15,475.2799987792969,488.6199951171875,472.2200012207031,484.0299987792969,24212300,META
2024-02-16,478.1099853515625,478.9599914550781,469.2099914550781,473.32000732421875,23324600,META
2024-02-20,469.7200012207031,476.17999267578125,466.55999755859375,471.75,18015500,META
2024-02-21,466.5,469.0,461.7900085449219,468.0299987792969,12921800,META
2024-02-22,480.239990234375,489.989990234375,476.05999755859375,486.1300048828125,21625800,META
2024-02-23,488.04998779296875,494.3599853515625,482.3500061035156,484.0299987792969,18374300,META
2024-02-26,483.4700012207031,486.1400146484375,480.6000061035156,481.739990234375,12101400,META
2024-02-27,479.9800109863281,487.2699890136719,479.9200134277344,487.04998779296875,10809600,META
2024-02-28,485.0,491.04998779296875,482.75,484.0199890136719,12715500,META
2024-02-29,488.44000244140625,491.70001220703125,482.6099853515625,490.1300048828125,17732000,META
2024-03-01,492.1099853515625,504.25,491.8500061035156,502.29998779296875,16273600,META
2024-03-04,503.0,504.4200134277344,496.4200134277344,498.19000244140625,12324100,META
2024-03-05,495.0,495.5799865722656,487.8900146484375,490.2200012207031,15325300,META
2024-03-06,497.6300048828125,502.9700012207031,494.2900085449219,496.0899963378906,11757900,META
2024-03-07,503.2799987792969,519.8499755859375,501.3800048828125,512.1900024414062,18586400,META
2024-03-08,514.1900024414062,523.5700073242188,499.3500061035156,505.95001220703125,18597100,META
2024-03-11,497.010009765625,497.32000732421875,476.0,483.5899963378906,20428300,META
2024-03-12,493.260009765625,502.30999755859375,484.7300109863281,499.75,15448200,META
2024-03-13,495.3900146484375,500.9800109863281,491.0299987792969,495.57000732421875,12090700,META
2024-03-14,500.260009765625,501.3500061035156,488.1600036621094,491.8299865722656,12620000,META
2024-03-15,489.010009765625,491.8299865722656,481.29998779296875,484.1000061035156,29153600,META
2024-03-18,491.9100036621094,497.4200134277344,486.80999755859375,496.9800109863281,11755300,META
2024-03-19,488.1700134277344,496.6300048828125,481.2799987792969,496.239990234375,10903100,META
2024-03-20,499.5,508.20001220703125,495.1700134277344,505.5199890136719,11711100,META
2024-03-21,514.7100219726562,515.0399780273438,506.010009765625,507.760009765625,9712500,META
2024-03-22,507.0,509.9700012207031,504.3399963378906,509.5799865722656,8120600,META
2024-03-25,505.7900085449219,507.2200012207031,500.239990234375,503.0199890136719,8380600,META
2024-03-26,505.1300048828125,510.0,495.2099914550781,495.8900146484375,11205400,META
2024-03-27,499.29998779296875,499.8900146484375,488.07000732421875,493.8599853515625,9989700,META
2024-03-28,492.8399963378906,492.8900146484375,485.1499938964844,485.5799865722656,15212800,META
2024-04-01,487.20001220703125,497.42999267578125,481.7799987792969,491.3500061035156,9247000,META
2024-04-02,485.1000061035156,497.5299987792969,484.6499938964844,497.3699951171875,11081000,META
2024-04-03,498.92999267578125,507.239990234375,498.75,506.739990234375,12099200,META
2024-04-04,516.4199829101562,530.0,510.5799865722656,510.9200134277344,26476300,META
2024-04-05,516.8599853515625,530.7000122070312,514.4099731445312,527.3400268554688,19263300,META
2024-04-08,529.280029296875,531.489990234375,518.8900146484375,519.25,13260600,META
2024-04-09,522.22998046875,525.8699951171875,506.739990234375,516.9000244140625,10863800,META
2024-04-10,509.2900085449219,522.5599975585938,505.79998779296875,519.8300170898438,11418500,META
2024-04-11,521.1099853515625,523.8599853515625,517.2899780273438,523.1599731445312,10369500,META
2024-04-12,517.75,520.1900024414062,509.3299865722656,511.8999938964844,11984500,META
2024-04-15,516.719970703125,518.530029296875,497.2799987792969,500.2300109863281,13512900,META
2024-04-16,498.1099853515625,504.7699890136719,497.1099853515625,499.760009765625,9847900,META
2024-04-17,503.1000061035156,503.1600036621094,487.1400146484375,494.1700134277344,12193700,META
2024-04-18,499.82000732421875,512.2100219726562,499.0400085449219,501.79998779296875,14808700,META
2024-04-19,502.79998779296875,502.79998779296875,475.7300109863281,481.07000732421875,25215400,META
2024-04-22,489.7200012207031,492.010009765625,473.3999938964844,481.7300109863281,17271100,META
2024-04-23,491.25,498.760009765625,488.9700012207031,496.1000061035156,15079200,META
2024-04-24,508.05999755859375,510.0,484.5799865722656,493.5,37772700,META
2024-04-25,421.3999938964844,445.7699890136719,414.5,441.3800048828125,82890700,META
2024-04-26,441.4599914550781,446.44000244140625,431.9599914550781,443.2900085449219,32691400,META
2024-04-29,439.55999755859375,439.760009765625,428.55999755859375,432.6199951171875,21502600,META
2024-04-30,431.04998779296875,439.6199951171875,429.7200012207031,430.1700134277344,18429500,META
2024-05-01,428.6000061035156,449.9599914550781,427.1099853515625,439.19000244140625,20344900,META
2024-05-02,438.8399963378906,443.9599914550781,432.2799987792969,441.67999267578125,15221300,META
2024-05-03,445.92999267578125,454.1700134277344,443.8500061035156,451.9599914550781,16489100,META
2024-05-06,455.5799865722656,466.1600036621094,453.3399963378906,465.67999267578125,15094600,META
2024-05-07,466.2900085449219,471.5299987792969,461.30999755859375,468.239990234375,13406800,META
2024-05-08,463.5,475.5799865722656,463.0,472.6000061035156,11683900,META
2024-05-09,470.0,476.0799865722656,467.6300048828125,475.4200134277344,9437700,META
2024-05-10,477.0899963378906,477.5,469.6000061035156,476.20001220703125,10750000,META
2024-05-13,472.75,473.3500061035156,462.8500061035156,468.010009765625,14668800,META
2024-05-14,463.3699951171875,472.5400085449219,460.0799865722656,471.8500061035156,10478600,META
2024-05-15,474.9800109863281,482.5,471.20001220703125,481.5400085449219,13100500,META
2024-05-16,475.0,477.69000244140625,472.75,473.2300109863281,16608200,META
2024-05-17,470.8299865722656,472.79998779296875,468.4200134277344,471.9100036621094,10807300,META
2024-05-20,469.95001220703125,473.20001220703125,467.0400085449219,468.8399963378906,11745100,META
2024-05-21,467.1199951171875,470.70001220703125,462.2699890136719,464.6300048828125,11742200,META
2024-05-22,467.8699951171875,473.7200012207031,465.6499938964844,467.7799987792969,10078600,META
2024-05-23,472.8800048828125,474.3599853515625,461.5400085449219,465.7799987792969,11747900,META
2024-05-24,467.6199951171875,479.8500061035156,466.29998779296875,478.2200012207031,12024300,META
2024-05-28,476.5799865722656,480.8599853515625,474.8399963378906,479.9200134277344,10175800,META
2024-05-29,474.6600036621094,479.8500061035156,473.70001220703125,474.3599853515625,9226200,META
2024-05-30,471.6700134277344,471.7300109863281,464.7099914550781,467.04998779296875,10719600,META
2024-05-31,465.79998779296875,469.1199951171875,454.4599914550781,466.8299865722656,16919800,META
2024-06-03,470.8599853515625,479.6000061035156,468.239990234375,477.489990234375,11279400,META
2024-06-04,477.0,478.8900146484375,473.2300109863281,476.989990234375,7088700,META
2024-06-05,484.45001220703125,496.6499938964844,483.9100036621094,495.05999755859375,15690500,META
2024-06-06,492.9800109863281,502.82000732421875,490.8900146484375,493.760009765625,10667300,META
2024-06-07,495.9100036621094,498.9100036621094,490.1700134277344,492.9599914550781,9380700,META
2024-06-10,493.8599853515625,502.6600036621094,493.4100036621094,502.6000061035156,11220900,META
2024-06-11,500.1600036621094,507.6000061035156,498.2699890136719,507.4700012207031,9673700,META
2024-06-12,513.989990234375,514.010009765625,504.4700012207031,508.8399963378906,11983200,META
2024-06-13,505.7099914550781,509.3599853515625,501.3599853515625,504.1000061035156,9954600,META
2024-06-14,502.6499938964844,507.1499938964844,500.75,504.1600036621094,10243300,META
2024-06-17,501.6700134277344,510.75,496.010009765625,506.6300048828125,11266600,META
2024-06-18,504.55999755859375,506.0,495.0199890136719,499.489990234375,13060400,META
2024-06-20,502.0,503.6700134277344,496.7699890136719,501.70001220703125,11801200,META
2024-06-21,503.45001220703125,503.45001220703125,492.3900146484375,494.7799987792969,22359200,META
2024-06-24,499.20001220703125,507.79998779296875,494.2900085449219,498.9100036621094,13525300,META
2024-06-25,497.04998779296875,510.7099914550781,495.5,510.6000061035156,12063200,META
2024-06-26,506.6499938964844,513.8099975585938,504.67999267578125,513.1199951171875,8882300,META
2024-06-27,514.25,522.8800048828125,513.9000244140625,519.5599975585938,10121200,META
2024-06-28,517.1500244140625,521.8800048828125,503.8399963378906,504.2200012207031,15855100,META
2024-07-01,504.95001220703125,506.5799865722656,493.1700134277344,504.67999267578125,10328200,META
2024-07-02,500.760009765625,510.5,499.45001220703125,509.5,7739500,META
2024-07-03,506.3699951171875,511.2799987792969,506.0199890136719,509.9599914550781,6005600,META
2024-07-05,511.6000061035156,540.8699951171875,511.6000061035156,539.9099731445312,21354100,META
2024-07-08,542.3499755859375,542.8099975585938,526.6500244140625,529.3200073242188,14917500,META
2024-07-09,533.75,537.47998046875,528.1900024414062,530.0,8753200,META
2024-07-10,530.7899780273438,538.8800048828125,528.3599853515625,534.6900024414062,10983300,META
2024-07-11,530.8900146484375,535.4600219726562,508.3699951171875,512.7000122070312,16458300,META
2024-07-12,497.760009765625,508.0899963378906,494.2300109863281,498.8699951171875,19750500,META
2024-07-15,498.6300048828125,506.67999267578125,493.3699951171875,496.1600036621094,12539200,META
2024-07-16,501.5,503.95001220703125,485.7900085449219,489.7900085449219,14075800,META
2024-07-17,479.1700134277344,479.1700134277344,459.1199951171875,461.989990234375,28076600,META
2024-07-18,475.0,479.239990234375,464.5400085449219,475.8500061035156,19267200,META
2024-07-19,476.05999755859375,486.7099914550781,475.7099914550781,476.7900085449219,15149400,META
2024-07-22,486.5799865722656,492.05999755859375,483.8999938964844,487.3999938964844,12023100,META
2024-07-23,489.8399963378906,495.2200012207031,487.7200012207031,488.69000244140625,9455500,META
2024-07-24,472.30999755859375,476.29998779296875,460.5799865722656,461.2699890136719,17649700,META
2024-07-25,463.260009765625,463.54998779296875,442.6499938964844,453.4100036621094,18240500,META
2024-07-26,464.20001220703125,469.7699890136719,459.4200134277344,465.70001220703125,14222400,META
2024-07-29,469.8800048828125,473.9599914550781,465.0199890136719,465.7099914550781,11339600,META
2024-07-30,467.0,472.7300109863281,456.70001220703125,463.19000244140625,11390400,META
2024-07-31,471.0199890136719,476.5,466.75,474.8299865722656,24285800,META
2024-08-01,521.0,527.1699829101562,492.1000061035156,497.739990234375,43083100,META
2024-08-02,489.0,501.1499938964844,476.1499938964844,488.1400146484375,24044700,META
2024-08-05,451.3500061035156,483.4800109863281,450.79998779296875,475.7300109863281,21396200,META
2024-08-06,479.0,502.55999755859375,478.6499938964844,494.0899963378906,20955000,META
2024-08-07,503.1300048828125,510.1499938964844,486.8599853515625,488.9200134277344,20105300,META
2024-08-08,497.5,509.9599914550781,494.7200012207031,509.6300048828125,16156800,META
2024-08-09,507.7099914550781,518.3400268554688,505.70001220703125,517.77001953125,13696600,META
2024-08-12,516.8599853515625,518.02001953125,509.1000061035156,515.9500122070312,9767400,META
2024-08-13,520.010009765625,531.5,518.1500244140625,528.5399780273438,13743800,META
2024-08-14,528.0599975585938,534.0,523.1300048828125,526.760009765625,11444200,META
2024-08-15,531.7899780273438,539.77001953125,526.7000122070312,537.3300170898438,13482100,META
2024-08-16,531.9000244140625,533.6599731445312,524.6599731445312,527.4199829101562,14776700,META
2024-08-19,526.8699951171875,531.6599731445312,522.760009765625,529.280029296875,9879700,META
2024-08-20,528.3499755859375,531.0900268554688,525.8800048828125,526.72998046875,7944400,META
2024-08-21,527.1500244140625,539.4000244140625,526.9299926757812,535.1599731445312,13423300,META
2024-08-22,537.0,544.22998046875,528.5900268554688,531.9299926757812,15708300,META
2024-08-23,536.9199829101562,539.8699951171875,525.0599975585938,528.0,11323900,META
2024-08-26,527.5999755859375,528.0,514.9500122070312,521.1199951171875,9584000,META
2024-08-27,518.97998046875,524.010009765625,515.3099975585938,519.0999755859375,6282700,META
2024-08-28,517.6699829101562,521.0900268554688,512.4500122070312,516.780029296875,9106100,META
2024-08-29,519.0499877929688,527.2000122070312,515.6799926757812,518.219970703125,8317400,META
2024-08-30,521.3499755859375,523.5399780273438,515.2000122070312,521.3099975585938,9157500,META
2024-09-03,519.6400146484375,525.489990234375,508.6199951171875,511.760009765625,12459100,META
2024-09-04,506.07000732421875,516.5900268554688,504.07000732421875,512.739990234375,8335200,META
2024-09-05,511.7200012207031,521.6300048828125,511.1499938964844,516.8599853515625,8640900,META
2024-09-06,521.8800048828125,524.5800170898438,498.25,500.2699890136719,14744500,META
2024-09-09,506.1600036621094,511.3299865722656,502.0799865722656,504.7900085449219,11047800,META
2024-09-10,508.1600036621094,514.1799926757812,500.0299987792969,504.7900085449219,9899000,META
2024-09-11,507.010009765625,513.1199951171875,495.6000061035156,511.8299865722656,10782500,META
2024-09-12,517.0499877929688,526.7100219726562,515.219970703125,525.5999755859375,11970500,META
2024-09-13,520.3400268554688,527.5800170898438,517.1099853515625,524.6199951171875,10321400,META
2024-09-16,524.5399780273438,534.0999755859375,517.4000244140625,533.280029296875,9527600,META
2024-09-17,537.5999755859375,542.0999755859375,530.5700073242188,536.3200073242188,11690800,META
2024-09-18,537.0700073242188,544.2000122070312,533.9000244140625,537.9500122070312,10323500,META
2024-09-19,550.0,562.0700073242188,546.52001953125,559.0999755859375,15647000,META
2024-09-20,560.0,564.5,556.2999877929688,561.3499755859375,22066800,META
2024-09-23,569.5,573.97998046875,562.4099731445312,564.4099731445312,12830700,META
2024-09-24,566.6799926757812,567.75,554.1900024414062,563.3300170898438,12993000,META
2024-09-25,564.0499877929688,576.8800048828125,563.719970703125,568.3099975585938,16543400,META
2024-09-26,575.72998046875,577.4000244140625,562.3499755859375,567.8400268554688,14400800,META
2024-09-27,570.0999755859375,570.8400268554688,564.510009765625,567.3599853515625,9398400,META
2024-09-30,567.7000122070312,574.6799926757812,564.7999877929688,572.4400024414062,12792300,META
2024-10-01,577.97998046875,583.0399780273438,570.0999755859375,576.469970703125,15259300,META
2024-10-02,574.8599853515625,576.0,569.3400268554688,572.8099975585938,6524700,META
2024-10-03,570.1500244140625,583.3599853515625,568.72998046875,582.77001953125,11581000,META
2024-10-04,583.72998046875,596.8499755859375,581.4299926757812,595.9400024414062,14169500,META
2024-10-07,598.219970703125,602.9500122070312,584.0399780273438,584.780029296875,12014200,META
2024-10-08,589.6900024414062,593.5599975585938,585.969970703125,592.8900146484375,7857400,META
2024-10-09,593.989990234375,594.3900146484375,581.6099853515625,590.510009765625,9529700,META
2024-10-10,587.5700073242188,590.22998046875,582.52001953125,583.8300170898438,7740400,META
2024-10-11,584.8300170898438,591.2100219726562,582.7100219726562,589.9500122070312,8587100,META
2024-10-14,594.219970703125,600.0999755859375,589.9600219726562,590.4199829101562,8252000,META
2024-10-15,590.1599731445312,590.6099853515625,580.1400146484375,586.27001953125,9564200,META
2024-10-16,581.4000244140625,582.0800170898438,574.030029296875,576.7899780273438,11268400,META
2024-10-17,583.3300170898438,584.969970703125,575.2000122070312,576.9299926757812,8701200,META
2024-10-18,581.0999755859375,583.969970703125,575.25,576.469970703125,7694300,META
2024-10-21,576.030029296875,577.239990234375,569.1099853515625,575.1599731445312,8171900,META
2024-10-22,574.2899780273438,583.530029296875,572.1199951171875,582.010009765625,8544500,META
2024-10-23,579.969970703125,585.0,562.5,563.6900024414062,14248400,META
2024-10-24,567.1300048828125,568.8800048828125,561.52001953125,567.780029296875,7184700,META
2024-10-25,573.9299926757812,581.2899780273438,571.719970703125,573.25,11337900,META
2024-10-28,582.0,583.75,574.1199951171875,578.1599731445312,10925100,META
2024-10-29,580.1500244140625,593.6699829101562,575.4000244140625,593.280029296875,13019100,META
2024-10-30,600.97998046875,601.2000122070312,589.3800048828125,591.7999877929688,26864900,META
2024-10-31,585.0,589.9000244140625,563.010009765625,567.5800170898438,26838400,META
2024-11-01,567.6099853515625,573.6699829101562,562.5599975585938,567.1599731445312,15303200,META
2024-11-04,564.0999755859375,568.6900024414062,557.8900146484375,560.6799926757812,12064600,META
2024-11-05,567.2999877929688,573.47998046875,566.6699829101562,572.4299926757812,9775400,META
2024-11-06,562.75,573.0,555.1699829101562,572.0499877929688,18305400,META
2024-11-07,576.8900146484375,594.7999877929688,575.2100219726562,591.7000122070312,14653700,META
2024-11-08,591.5399780273438,593.0999755859375,584.52001953125,589.3400268554688,9415700,META
2024-11-11,586.3599853515625,587.0,576.510009765625,583.1699829101562,10209100,META
2024-11-12,588.5399780273438,599.6599731445312,580.3800048828125,584.8200073242188,16287700,META
2024-11-13,582.6099853515625,585.6400146484375,575.1699829101562,580.0,10757600,META
2024-11-14,577.0,580.760009765625,573.010009765625,577.1599731445312,11053700,META
2024-11-15,571.219970703125,572.5700073242188,551.5,554.0800170898438,17712900,META
2024-11-18,557.0399780273438,559.9000244140625,550.0900268554688,554.4000244140625,14327300,META
2024-11-19,551.8599853515625,561.4299926757812,550.5999755859375,561.0900268554688,9522400,META
2024-11-20,562.9299926757812,566.3499755859375,554.2000122070312,565.52001953125,9797300,META
2024-11-21,569.52001953125,570.0,549.0499877929688,563.0900268554688,11154700,META
2024-11-22,563.5499877929688,563.8300170898438,554.5900268554688,559.1400146484375,9164000,META
2024-11-25,562.0999755859375,572.5900268554688,556.3900146484375,565.1099853515625,13599800,META
2024-11-26,566.0,577.5,565.2000122070312,573.5399780273438,10356600,META
2024-11-27,574.8900146484375,574.97998046875,564.0999755859375,569.2000122070312,7200200,META
2024-11-29,569.0,578.4600219726562,566.9000244140625,574.3200073242188,7130500,META
2024-12-02,577.5,594.5,575.5700073242188,592.8300170898438,12522400,META
2024-12-03,595.0,614.2000122070312,591.25,613.6500244140625,14907200,META
2024-12-04,612.9600219726562,617.780029296875,605.0999755859375,613.780029296875,14697000,META
2024-12-05,617.0800170898438,619.9000244140625,607.0499877929688,608.9299926757812,8081200,META
2024-12-06,610.0999755859375,629.7899780273438,608.530029296875,623.77001953125,16935500,META
2024-12-09,623.9199829101562,626.4000244140625,606.1699829101562,613.5700073242188,11426000,META
2024-12-10,617.5599975585938,625.5900268554688,612.739990234375,619.3200073242188,10938900,META
2024-12-11,623.3699951171875,638.4000244140625,621.530029296875,632.6799926757812,10837200,META
2024-12-12,631.5,636.6599731445312,627.2100219726562,630.7899780273438,7474700,META
2024-12-13,627.219970703125,631.0800170898438,616.8900146484375,620.3499755859375,8453300,META
2024-12-16,629.97998046875,631.1500244140625,618.5800170898438,624.239990234375,10885600,META
2024-12-17,626.1699829101562,632.3699951171875,616.5399780273438,619.4400024414062,12897800,META
2024-12-18,621.0,627.3599853515625,596.3200073242188,597.1900024414062,17075500,META
2024-12-19,610.3900146484375,611.52001953125,595.0,595.5700073242188,14958100,META
2024-12-20,590.5800170898438,603.1099853515625,580.0,585.25,48989400,META
2024-12-23,589.5999755859375,601.0900268554688,586.25,599.8499755859375,10205800,META
2024-12-24,602.719970703125,607.989990234375,599.280029296875,607.75,4726100,META
2024-12-26,605.47998046875,606.2999877929688,598.9400024414062,603.3499755859375,6081400,META
2024-12-27,599.4099731445312,601.8499755859375,589.7999877929688,599.8099975585938,8084200,META
2024-12-30,588.75,596.9400024414062,585.5800170898438,591.239990234375,7025900,META
2024-12-31,592.27001953125,593.969970703125,583.8499755859375,585.510009765625,6019500,META
2025-01-02,589.719970703125,604.9099731445312,587.8200073242188,599.239990234375,12682300,META
2025-01-03,604.760009765625,609.5,596.4099731445312,604.6300048828125,11436800,META
2025-01-06,611.8300170898438,630.989990234375,605.6199951171875,630.2000122070312,14560800,META
2025-01-07,631.7000122070312,632.0999755859375,608.22998046875,617.8900146484375,12071500,META
2025-01-08,613.4000244140625,616.4400024414062,602.7899780273438,610.719970703125,10085800,META
2025-01-10,610.030029296875,629.9099731445312,597.3400268554688,615.8599853515625,19256600,META
2025-01-13,607.0999755859375,608.969970703125,598.4500122070312,608.3300170898438,10785000,META
2025-01-14,605.0700073242188,605.489990234375,588.5499877929688,594.25,13598000,META
2025-01-15,610.2100219726562,622.4600219726562,606.5,617.1199951171875,15524300,META
2025-01-16,611.5,616.25,609.7100219726562,611.2999877929688,8355300,META
2025-01-17,624.0499877929688,624.969970703125,603.6699829101562,612.77001953125,17280600,META
2025-01-21,617.8300170898438,621.5,609.010009765625,616.4600219726562,11674000,META
2025-01-22,623.2999877929688,633.7000122070312,619.4299926757812,623.5,12274000,META
2025-01-23,627.3599853515625,636.5999755859375,621.1500244140625,636.4500122070312,9910200,META
2025-01-24,636.4000244140625,652.0,634.2000122070312,647.489990234375,19065300,META
2025-01-27,626.6099853515625,663.8699951171875,625.0999755859375,659.8800048828125,28399200,META
2025-01-28,666.0,682.5800170898438,659.469970703125,674.3300170898438,20950100,META
2025-01-29,675.0,681.0499877929688,665.6699829101562,676.489990234375,21377800,META
2025-01-30,696.8200073242188,710.7899780273438,676.0999755859375,687.0,29322900,META
2025-01-31,691.0,705.2999877929688,685.5800170898438,689.1799926757812,19303900,META
2025-02-03,675.9099731445312,704.0,675.25,697.4600219726562,21415700,META
2025-02-04,702.5,707.7100219726562,691.6099853515625,704.1900024414062,13826300,META
2025-02-05,703.5499877929688,718.1400146484375,699.010009765625,704.8699951171875,17778200,META
2025-02-06,705.8800048828125,718.9000244140625,703.5,711.989990234375,13080700,META
2025-02-07,716.7999877929688,725.010009765625,711.75,714.52001953125,16427100,META
2025-02-10,718.5599975585938,721.2000122070312,711.3300170898438,717.4000244140625,12904300,META
2025-02-11,713.3200073242188,723.6599731445312,710.0399780273438,719.7999877929688,12998000,META
2025-02-12,715.2999877929688,727.0999755859375,712.5999755859375,725.3800048828125,12016500,META
2025-02-13,721.52001953125,729.0,718.0399780273438,728.5599975585938,12569100,META
2025-02-14,726.1400146484375,740.9099731445312,725.6199951171875,736.6699829101562,16901200,META
2025-02-18,736.0,737.0,706.4400024414062,716.3699951171875,21938700,META
2025-02-19,704.0999755859375,707.0,695.3900146484375,703.77001953125,17535500,META
2025-02-20,697.280029296875,705.6300048828125,693.6400146484375,694.8400268554688,12587400,META
2025-02-21,696.5800170898438,703.8699951171875,682.3599853515625,683.5499877929688,15660400,META
2025-02-24,686.280029296875,687.27001953125,662.4500122070312,668.1300048828125,15677000,META
2025-02-25,665.969970703125,668.0,641.8599853515625,657.5,20579700,META
2025-02-26,659.6500244140625,683.010009765625,658.0,673.7000122070312,14488700,META
2025-02-27,682.4500122070312,688.6500244140625,657.5700073242188,658.239990234375,12500000,META
2025-02-28,658.0399780273438,669.6300048828125,642.5999755859375,668.2000122070312,17534200,META
2025-03-03,673.6799926757812,681.25,650.8400268554688,655.0499877929688,10843800,META
2025-03-04,645.510009765625,649.75,623.6500244140625,640.0,21495200,META
2025-03-05,641.0,659.5,637.6599731445312,656.469970703125,13770000,META
2025-03-06,648.0,650.5599975585938,624.1099853515625,627.9299926757812,13446500,META
2025-03-07,625.3699951171875,634.7899780273438,600.6099853515625,625.6599731445312,21375700,META
2025-03-10,608.0700073242188,610.1099853515625,586.8699951171875,597.989990234375,21999900,META
2025-03-11,595.0499877929688,614.9299926757812,593.3300170898438,605.7100219726562,17401500,META
2025-03-12,629.9000244140625,633.3300170898438,609.3499755859375,619.5599975585938,15747000,META
2025-03-13,620.25,620.5,586.510009765625,590.6400146484375,16480300,META
2025-03-14,602.7999877929688,608.8599853515625,594.780029296875,607.5999755859375,12364500,META
2025-03-17,607.4600219726562,613.0999755859375,598.0,604.9000244140625,15473900,META
2025-03-18,600.0499877929688,600.25,574.6599731445312,582.3599853515625,20297700,META
2025-03-19,584.280029296875,592.3200073242188,574.77001953125,584.0599975585938,20537500,META
2025-03-20,582.760009765625,610.2000122070312,579.510009765625,586.0,24336500,META
2025-03-21,583.4199829101562,597.5399780273438,580.9500122070312,596.25,25015900,META
2025-03-24,614.969970703125,622.5399780273438,612.2000122070312,618.8499755859375,15741300,META
2025-03-25,626.760009765625,633.8800048828125,621.1799926757812,626.3099975585938,15312500,META
2025-03-26,624.8900146484375,626.75,606.6099853515625,610.97998046875,12609800,META
2025-03-27,602.0,614.25,600.0999755859375,602.5800170898438,10436500,META
2025-03-28,600.3099975585938,601.75,573.9199829101562,576.739990234375,17602800,META
2025-03-31,563.5,578.7000122070312,553.2999877929688,576.3599853515625,21124700,META
2025-04-01,570.8400268554688,589.9099731445312,570.0,586.0,12836600,META
2025-04-02,574.9099731445312,592.6599731445312,573.3599853515625,583.9299926757812,13470800,META
2025-04-03,546.219970703125,552.5599975585938,530.2999877929688,531.6199951171875,34777500,META
2025-04-04,506.6199951171875,518.0,494.20001220703125,504.7300109863281,38589800,META
2025-04-07,485.1000061035156,539.3699951171875,481.8999938964844,516.25,36606100,META
2025-04-08,543.25,547.4299926757812,502.8599853515625,510.45001220703125,28034200,META
2025-04-09,509.2699890136719,587.8900146484375,502.1099853515625,585.77001953125,39216600,META
2025-04-10,575.489990234375,581.2999877929688,535.2999877929688,546.2899780273438,28173500,META
2025-04-11,535.510009765625,547.4000244140625,528.5900268554688,543.5700073242188,17642300,META
2025-04-14,556.1699829101562,557.77001953125,528.280029296875,531.47998046875,14130900,META
2025-04-15,532.1099853515625,537.9400024414062,517.5,521.52001953125,15558700,META
2025-04-16,508.510009765625,513.3699951171875,495.6300048828125,502.30999755859375,18735100,META
2025-04-17,505.25,507.29998779296875,498.010009765625,501.4800109863281,14593500,META
2025-04-21,491.3299865722656,493.5,479.79998779296875,484.6600036621094,16166000,META
2025-04-22,491.8699951171875,506.8800048828125,486.3599853515625,500.2799987792969,17399400,META
2025-04-23,528.530029296875,535.3400268554688,516.52001953125,520.27001953125,18173900,META
2025-04-24,518.72998046875,533.9000244140625,517.5,533.1500244140625,13910000,META
2025-04-25,546.7999877929688,549.8599853515625,536.25,547.27001953125,17098900,META
2025-04-28,555.6400146484375,558.489990234375,540.5900268554688,549.739990234375,15179000,META
2025-04-29,546.0,556.5700073242188,544.1199951171875,554.4400024414062,11835000,META
2025-04-30,538.4000244140625,549.0999755859375,529.5,549.0,29244000,META
2025-05-01,592.0800170898438,592.9500122070312,570.5,572.2100219726562,31159000,META
2025-05-02,583.4600219726562,604.3400268554688,578.3300170898438,597.02001953125,24739300,META
2025-05-05,591.219970703125,603.2100219726562,588.0499877929688,599.27001953125,13887700,META
2025-05-06,592.530029296875,596.030029296875,586.5800170898438,587.3099975585938,10600700,META
2025-05-07,590.3599853515625,603.0800170898438,586.6699829101562,596.8099975585938,13139100,META
2025-05-08,606.2899780273438,611.2999877929688,596.6199951171875,598.010009765625,14622800,META
2025-05-09,603.719970703125,606.969970703125,591.7100219726562,592.489990234375,10427300,META
2025-05-12,630.9199829101562,640.3900146484375,621.030029296875,639.4299926757812,21965100,META
2025-05-13,645.5399780273438,660.9199829101562,642.8300170898438,656.030029296875,18570800,META
2025-05-14,661.2100219726562,662.6699829101562,654.3099975585938,659.3599853515625,12348200,META
2025-05-15,654.280029296875,657.3099975585938,638.5800170898438,643.8800048828125,14341800,META
2025-05-16,637.9600219726562,640.4400024414062,626.1500244140625,640.3400268554688,18519000,META
2025-05-19,628.25,643.0,627.7999877929688,640.4299926757812,9592400,META
2025-05-20,636.010009765625,639.3499755859375,632.260009765625,637.0999755859375,6743500,META
2025-05-21,631.7899780273438,646.6099853515625,630.1699829101562,635.5,11464600,META
2025-05-22,634.0499877929688,643.25,630.7100219726562,636.5700073242188,8228400,META
2025-05-23,624.0,632.4500122070312,622.6500244140625,627.0599975585938,8454100,META
2025-05-27,635.4099731445312,643.0800170898438,632.75,642.3200073242188,9508400,META
2025-05-28,642.5999755859375,650.8800048828125,642.5499877929688,643.5800170898438,9042900,META
2025-05-29,651.6500244140625,653.3200073242188,639.5,645.0499877929688,8858800,META
2025-05-30,642.5,649.4099731445312,632.780029296875,647.489990234375,16241000,META
2025-06-02,644.3900146484375,673.260009765625,644.260009765625,670.9000244140625,15766300,META
2025-06-03,671.4500122070312,675.5800170898438,665.030029296875,666.8499755859375,11585000,META
2025-06-04,669.3200073242188,689.0,668.5700073242188,687.9500122070312,14031900,META
2025-06-05,691.6599731445312,694.3800048828125,682.25,684.6199951171875,13083100,META
2025-06-06,696.1699829101562,702.8099975585938,691.8699951171875,697.7100219726562,11728000,META
2025-06-09,698.4600219726562,705.1900024414062,693.9400024414062,694.0599975585938,12773200,META
2025-06-10,701.3499755859375,703.22998046875,691.5599975585938,702.4000244140625,10850100,META
2025-06-11,703.7100219726562,708.8699951171875,691.989990234375,694.1400146484375,9582500,META
2025-06-12,693.2999877929688,695.3800048828125,687.0,693.3599853515625,7322700,META
2025-06-13,687.9500122070312,694.5700073242188,681.010009765625,682.8699951171875,9274400,META
2025-06-16,699.3300170898438,707.1500244140625,693.510009765625,702.1199951171875,13720300,META
2025-06-17,702.0,705.969970703125,696.0599975585938,697.22998046875,10066100,META
2025-06-18,698.1799926757812,701.5900268554688,694.9000244140625,695.77001953125,10068300,META
2025-06-20,700.75,701.8200073242188,678.6699829101562,682.3499755859375,22538600,META
2025-06-23,683.6900024414062,699.0499877929688,678.75,698.530029296875,11080100,META
2025-06-24,704.8900146484375,713.1900024414062,702.1099853515625,712.2000122070312,13823200,META
2025-06-25,713.3200073242188,716.5800170898438,705.3800048828125,708.6799926757812,9320400,META
2025-06-26,714.3599853515625,728.219970703125,711.0499877929688,726.0900268554688,13964800,META
2025-06-27,726.52001953125,735.4299926757812,725.8599853515625,733.6300048828125,18775700,META
2025-06-30,744.5499877929688,747.9000244140625,734.25,738.0900268554688,15402100,META
2025-07-01,736.8800048828125,737.75,715.3699951171875,719.219970703125,13431200,META
2025-07-02,715.3300170898438,720.2999877929688,712.7999877929688,713.5700073242188,9336700,META
2025-07-03,726.6099853515625,729.030029296875,714.4199829101562,719.010009765625,8601700,META
2025-07-07,717.5999755859375,727.0,713.510009765625,718.3499755859375,9457100,META
2025-07-08,721.5700073242188,722.9099731445312,714.8099975585938,720.6699829101562,7770700,META
2025-07-09,722.719970703125,737.530029296875,722.719970703125,732.780029296875,11418000,META
2025-07-10,731.5499877929688,735.7999877929688,719.5999755859375,727.239990234375,9913600,META
2025-07-11,722.5,725.1599731445312,709.7000122070312,717.510009765625,10873900,META
2025-07-14,717.5999755859375,728.0,716.5499877929688,720.9199829101562,8939400,META
2025-07-15,723.9000244140625,724.469970703125,709.8200073242188,710.3900146484375,11529500,META
2025-07-16,713.3699951171875,713.969970703125,699.27001953125,702.9099731445312,13067600,META
2025-07-17,704.3900146484375,705.9000244140625,697.1099853515625,701.4099731445312,11803300,META
2025-07-18,702.1900024414062,704.7100219726562,691.6500244140625,704.280029296875,12779800,META
2025-07-21,706.7999877929688,717.0,705.760009765625,712.969970703125,9404400,META
2025-07-22,716.1900024414062,716.5999755859375,701.4099731445312,704.8099975585938,8921100,META
2025-07-23,706.3699951171875,714.6300048828125,704.9299926757812,713.5800170898438,8771600,META
2025-07-24,717.0499877929688,723.6199951171875,714.0,714.7999877929688,10920800,META
2025-07-25,716.9199829101562,720.6500244140625,711.9000244140625,712.6799926757812,8271700,META
2025-07-28,715.2000122070312,724.739990234375,712.6799926757812,717.6300048828125,8715700,META
2025-07-29,720.0,724.469970703125,699.9099731445312,700.0,13267000,META
2025-07-30,708.0900268554688,708.5,691.2000122070312,695.2100219726562,27077300,META
2025-07-31,775.2000122070312,784.75,765.510009765625,773.4400024414062,38831100,META
2025-08-01,760.72998046875,766.0,745.3099975585938,750.010009765625,19028700,META
2025-08-04,760.0,776.8499755859375,758.4099731445312,776.3699951171875,15801700,META
2025-08-05,776.4500122070312,783.1300048828125,763.0,763.4600219726562,11640300,META
2025-08-06,770.0,773.6400146484375,760.4600219726562,771.989990234375,9733900,META
2025-08-07,773.489990234375,775.0,759.5499877929688,761.8300170898438,9019700,META
2025-08-08,762.75,769.9000244140625,758.5800170898438,769.2999877929688,7320800,META
2025-08-11,770.0800170898438,773.4600219726562,764.6699829101562,765.8699951171875,7612000,META
2025-08-12,773.0,793.6699829101562,772.4299926757812,790.0,14563100,META
